id;titre;pdf;pdf_content_type;date_ajout
1;Bedfordshire copy generate;../fake-data/blob/hipster.png;image/png;2020-03-18T11:12:01
2;Buckinghamshire optical Car;../fake-data/blob/hipster.png;image/png;2020-03-18T01:51:56
3;Czech Koruna override;../fake-data/blob/hipster.png;image/png;2020-03-18T01:47:25
4;silver;../fake-data/blob/hipster.png;image/png;2020-03-18T06:11:56
5;Branding Forward functionalities;../fake-data/blob/hipster.png;image/png;2020-03-18T17:31:35
6;Gibraltar Pound Meadows;../fake-data/blob/hipster.png;image/png;2020-03-18T12:51:59
7;Plastic strategize Metal;../fake-data/blob/hipster.png;image/png;2020-03-18T07:12:33
8;overriding Branding;../fake-data/blob/hipster.png;image/png;2020-03-18T23:42:05
9;Investor Bacon deposit;../fake-data/blob/hipster.png;image/png;2020-03-18T05:21:06
10;Borders Sausages;../fake-data/blob/hipster.png;image/png;2020-03-18T21:43:04
