id;photo;photo_content_type;nom;prenom;adresse;email;mobile;date_naissance;classe
1;../fake-data/blob/hipster.png;image/png;navigating;North Korean Won;Jewelery envisioneer Somalia;Christ_Robel@yahoo.com;wireless Electronics Customer;2020-03-19T00:43:11;CM1
2;../fake-data/blob/hipster.png;image/png;backing up;Mountains granular RSS;instruction set eyeballs Credit Card Account;Randall_West11@yahoo.com;California Metal;2020-03-18T09:27:03;CM2
3;../fake-data/blob/hipster.png;image/png;zero administration drive Clothing;Cambridgeshire;back-end;Wilburn.Medhurst19@hotmail.com;models niches capacity;2020-03-18T16:11:21;CE2
4;../fake-data/blob/hipster.png;image/png;Berkshire;Producer Rubber payment;invoice SSL Frozen;Isabelle29@yahoo.com;copy Directives bus;2020-03-18T05:00:33;CE1
5;../fake-data/blob/hipster.png;image/png;Home Loan Account navigating Fantastic Fresh Fish;Games indigo Unbranded Fresh Gloves;tan firewall Swaziland;Layla.Parker31@hotmail.com;knowledge user;2020-03-18T19:31:31;CE1
6;../fake-data/blob/hipster.png;image/png;logistical;Accountability Principal web-enabled;Incredible contextually-based invoice;Taurean_Hudson@yahoo.com;COM open-source;2020-03-18T11:15:15;CM1
7;../fake-data/blob/hipster.png;image/png;Operations;primary;Tasty;Pierre_Bauch42@yahoo.com;Analyst Personal Loan Account Specialist;2020-03-18T14:36:30;CE2
8;../fake-data/blob/hipster.png;image/png;Triple-buffered transition;purple;Massachusetts Texas synthesize;Felton42@hotmail.com;vortals;2020-03-18T22:06:36;CP
9;../fake-data/blob/hipster.png;image/png;client-driven firewall bypass;pixel;quantifying bluetooth;Maxime_Willms@yahoo.com;copy task-force;2020-03-18T16:18:48;CM1
10;../fake-data/blob/hipster.png;image/png;Bedfordshire;Auto Loan Account;Trail Walk Garden;Waylon_Senger@hotmail.com;groupware Shirt lavender;2020-03-18T04:14:07;CE1
